term,vif
matches_before,14.040305116951354
wins_before,21.286407110995448
win_pct_before,24.82490859105815
home_win_pct_before,8.607730204132936
away_win_pct_before,10.99085766261594
prev_season_win_pct,786.9164538512929
prev_home_win_pct,375.96581402422083
prev_away_win_pct,90.79256981290143
prev_bat_first_win_pct,21.477290924232182
last_3_wins,2.095327147852872
is_home,1.2503338852759234
won_toss,1.4066547728430083
toss_winner_at_home,1.305325709891668
batting_first,1.4011709743959857
