term,vif
matches_before,9.336346367301982
wins_before,14.851944798544595
win_pct_before,11.230408559754537
home_win_pct_before,3.870067495641836
away_win_pct_before,3.613949149526344
prev_season_win_pct,22.794641586112796
prev_home_win_pct,6.853938368253095
prev_away_win_pct,9.498107361296325
prev_bat_first_win_pct,3.8148128904238554
last_3_wins,1.9250796776501022
is_home,1.0716401820217663
