Res.Df,RSS,Df,Sum of Sq,F,Pr(>F)
992,246.026295967687,NA,NA,NA,NA
989,244.67219397669496,3,1.354101990992035,1.8244913017764528,0.14098140187784516
