Res.Df,RSS,Df,Sum of Sq,F,Pr(>F)
82,20.22372712662514,NA,NA,NA,NA
79,19.93235912936464,3,0.29136799726049745,0.38493640139279417,0.7641387848505289
