Res.Df,RSS,Df,Sum of Sq,F,Pr(>F)
1000,246.9900786363462,NA,NA,NA,NA
997,245.53666081554627,3,1.4534178207999275,1.9671978412843458,0.11723190811465031
