term,estimate,std.error,statistic,p.value
(Intercept),0.439845757,0.229231477,1.918784287,0.058180889
win_pct_before,0.022078937,0.276827186,0.079757113,0.936607512
prev_season_win_pct,-0.076127511,0.287984582,-0.264345788,0.792117884
is_home,0.206026217,0.108709892,1.895192909,0.061276663
