Res.Df,RSS,Df,Sum of Sq,F,Pr(>F)
90,22.58743595,NA,NA,NA,NA
87,22.4365699,3,0.150866043,0.194999292,0.899544793
