variable,win_pct_before,prev_season_win_pct,won_toss,toss_winner_at_home,batting_first,is_home
win_pct_before,1,0.040044041376026115,0.027506446420772115,0.02599231155470801,-0.009298909108022937,-0.052555333369671366
prev_season_win_pct,0.040044041376026115,1,0.009439116791310046,0.05328387291622781,0.044010419557957016,0.096856847300166
won_toss,0.027506446420772115,0.009439116791310046,1,0.004407073529587274,-0.22907551930715797,-0.0277495517525283
toss_winner_at_home,0.02599231155470801,0.05328387291622781,0.004407073529587274,1,4.2608558790137416e-4,0.1436175712731109
batting_first,-0.009298909108022937,0.044010419557957016,-0.22907551930715797,4.2608558790137416e-4,1,0.09751568369359793
is_home,-0.052555333369671366,0.096856847300166,-0.0277495517525283,0.1436175712731109,0.09751568369359793,1
