term,estimate,std.error,statistic,p.value
(Intercept),0.448712695,0.234147414,1.916368355,0.058601488
win_pct_before,0.036725584,0.28548666,0.128642031,0.897937826
prev_season_win_pct,-0.095799098,0.300229371,-0.319086364,0.750425889
is_home,0.222742215,0.115236102,1.93292042,0.056498741
won_toss,-0.066099761,0.121937846,-0.542077486,0.589150882
toss_winner_at_home,-0.034226479,0.108286835,-0.316072392,0.752704612
batting_first,0.07498659,0.119087969,0.629673936,0.530558123
