term,vif
win_pct_before,1.0048417974845067
prev_season_win_pct,1.0115560198358484
is_home,1.0127311916363275
